PopName,Sex,Year,Age,mx,qx,ax,lx,dx,Lx,Tx,ex
MT,b,1960-1969,0,0.02429,0.02378,0.12,100000,2378,97897,7012076,70.12
MT,b,1960-1969,1,0.00171,0.00171,0.5,97622,167,97538,6914179,70.83
MT,b,1960-1969,2,0.00115,0.00115,0.5,97455,112,97399,6816640,69.95
MT,b,1960-1969,3,0.00086,0.00086,0.5,97343,84,97301,6719241,69.03
MT,b,1960-1969,4,0.00065,0.00065,0.5,97259,64,97228,6621940,68.09
MT,b,1960-1969,5,0.00057,0.00057,0.5,97196,55,97168,6524713,67.13
MT,b,1960-1969,6,0.00057,0.00057,0.5,97140,55,97113,6427545,66.17
MT,b,1960-1969,7,0.00040,0.00040,0.5,97085,39,97066,6330432,65.20
MT,b,1960-1969,8,0.00049,0.00049,0.5,97046,47,97022,6233366,64.23
MT,b,1960-1969,9,0.00035,0.00035,0.5,96999,34,96982,6136344,63.26
MT,b,1960-1969,10,0.00039,0.00038,0.5,96964,37,96946,6039362,62.28
MT,b,1960-1969,11,0.00041,0.00041,0.5,96927,39,96908,5942417,61.31
MT,b,1960-1969,12,0.00044,0.00044,0.5,96888,43,96867,5845509,60.33
MT,b,1960-1969,13,0.00060,0.00060,0.5,96845,58,96816,5748643,59.36
MT,b,1960-1969,14,0.00070,0.00070,0.5,96787,68,96753,5651826,58.39
MT,b,1960-1969,15,0.00077,0.00077,0.5,96719,75,96682,5555073,57.44
MT,b,1960-1969,16,0.00118,0.00118,0.5,96644,114,96587,5458392,56.48
MT,b,1960-1969,17,0.00145,0.00145,0.5,96530,139,96460,5361804,55.55
MT,b,1960-1969,18,0.00180,0.00180,0.5,96391,174,96304,5265344,54.62
MT,b,1960-1969,19,0.00178,0.00178,0.5,96217,171,96132,5169040,53.72
MT,b,1960-1969,20,0.00205,0.00205,0.5,96046,197,95948,5072908,52.82
MT,b,1960-1969,21,0.00207,0.00207,0.5,95849,198,95750,4976961,51.92
MT,b,1960-1969,22,0.00188,0.00188,0.5,95651,180,95561,4881211,51.03
MT,b,1960-1969,23,0.00185,0.00185,0.5,95471,177,95383,4785650,50.13
MT,b,1960-1969,24,0.00170,0.00170,0.5,95295,162,95213,4690267,49.22
MT,b,1960-1969,25,0.00188,0.00188,0.5,95132,178,95043,4595054,48.30
MT,b,1960-1969,26,0.00157,0.00157,0.5,94954,149,94879,4500011,47.39
MT,b,1960-1969,27,0.00158,0.00158,0.5,94805,149,94730,4405131,46.47
MT,b,1960-1969,28,0.00147,0.00147,0.5,94656,139,94586,4310401,45.54
MT,b,1960-1969,29,0.00168,0.00168,0.5,94517,159,94437,4215815,44.60
MT,b,1960-1969,30,0.00182,0.00182,0.5,94358,171,94272,4121377,43.68
MT,b,1960-1969,31,0.00165,0.00165,0.5,94186,156,94109,4027105,42.76
MT,b,1960-1969,32,0.00189,0.00189,0.5,94031,177,93942,3932997,41.83
MT,b,1960-1969,33,0.00208,0.00208,0.5,93853,195,93756,3839055,40.90
MT,b,1960-1969,34,0.00207,0.00207,0.5,93658,194,93561,3745299,39.99
MT,b,1960-1969,35,0.00225,0.00224,0.5,93464,210,93359,3651738,39.07
MT,b,1960-1969,36,0.00238,0.00237,0.5,93254,221,93143,3558379,38.16
MT,b,1960-1969,37,0.00239,0.00239,0.5,93033,222,92922,3465235,37.25
MT,b,1960-1969,38,0.00277,0.00277,0.5,92811,257,92682,3372314,36.34
MT,b,1960-1969,39,0.00285,0.00285,0.5,92554,263,92422,3279631,35.43
MT,b,1960-1969,40,0.00332,0.00332,0.5,92290,306,92137,3187209,34.53
MT,b,1960-1969,41,0.00301,0.00300,0.5,91984,276,91846,3095072,33.65
MT,b,1960-1969,42,0.00399,0.00398,0.5,91708,365,91525,3003226,32.75
MT,b,1960-1969,43,0.00414,0.00413,0.5,91342,377,91154,2911701,31.88
MT,b,1960-1969,44,0.00439,0.00438,0.5,90965,398,90766,2820547,31.01
MT,b,1960-1969,45,0.00422,0.00422,0.5,90567,382,90376,2729781,30.14
MT,b,1960-1969,46,0.00508,0.00507,0.5,90186,457,89957,2639404,29.27
MT,b,1960-1969,47,0.00570,0.00568,0.5,89729,510,89474,2549447,28.41
MT,b,1960-1969,48,0.00634,0.00632,0.5,89219,564,88937,2459973,27.57
MT,b,1960-1969,49,0.00639,0.00637,0.5,88655,564,88373,2371037,26.74
MT,b,1960-1969,50,0.00726,0.00724,0.5,88091,638,87772,2282664,25.91
MT,b,1960-1969,51,0.00838,0.00834,0.5,87453,729,87088,2194892,25.10
MT,b,1960-1969,52,0.00904,0.00900,0.5,86724,780,86333,2107804,24.30
MT,b,1960-1969,53,0.00994,0.00989,0.5,85943,850,85518,2021470,23.52
MT,b,1960-1969,54,0.01095,0.01089,0.5,85093,927,84630,1935952,22.75
MT,b,1960-1969,55,0.01163,0.01157,0.5,84167,973,83680,1851322,22.00
MT,b,1960-1969,56,0.01201,0.01194,0.5,83193,994,82696,1767642,21.25
MT,b,1960-1969,57,0.01302,0.01293,0.5,82200,1063,81668,1684946,20.50
MT,b,1960-1969,58,0.01300,0.01292,0.5,81136,1048,80612,1603278,19.76
MT,b,1960-1969,59,0.01589,0.01577,0.5,80088,1263,79457,1522665,19.01
MT,b,1960-1969,60,0.01674,0.01660,0.5,78825,1308,78171,1443209,18.31
MT,b,1960-1969,61,0.01737,0.01722,0.5,77517,1335,76850,1365037,17.61
MT,b,1960-1969,62,0.01883,0.01866,0.5,76182,1421,75472,1288188,16.91
MT,b,1960-1969,63,0.02237,0.02213,0.5,74761,1654,73934,1212716,16.22
MT,b,1960-1969,64,0.02190,0.02166,0.5,73107,1584,72315,1138782,15.58
MT,b,1960-1969,65,0.02454,0.02425,0.5,71523,1734,70656,1066467,14.91
MT,b,1960-1969,66,0.02621,0.02587,0.5,69789,1805,68886,995811,14.27
MT,b,1960-1969,67,0.02928,0.02885,0.5,67984,1962,67003,926924,13.63
MT,b,1960-1969,68,0.03140,0.03091,0.5,66022,2041,65002,859921,13.02
MT,b,1960-1969,69,0.03440,0.03381,0.5,63981,2163,62900,794920,12.42
MT,b,1960-1969,70,0.03919,0.03843,0.5,61818,2376,60630,732020,11.84
MT,b,1960-1969,71,0.04007,0.03928,0.5,59442,2335,58275,671390,11.29
MT,b,1960-1969,72,0.04544,0.04443,0.5,57107,2537,55839,613115,10.74
MT,b,1960-1969,73,0.04943,0.04824,0.5,54570,2633,53254,557277,10.21
MT,b,1960-1969,74,0.05278,0.05143,0.5,51937,2671,50602,504023,9.70
MT,b,1960-1969,75,0.05529,0.05381,0.5,49266,2651,47941,453422,9.20
MT,b,1960-1969,76,0.05928,0.05758,0.5,46616,2684,45274,405481,8.70
MT,b,1960-1969,77,0.06815,0.06590,0.5,43932,2895,42484,360207,8.20
MT,b,1960-1969,78,0.07368,0.07106,0.5,41036,2916,39578,317723,7.74
MT,b,1960-1969,79,0.08101,0.07786,0.5,38120,2968,36636,278145,7.30
MT,b,1960-1969,80,0.08912,0.08532,0.5,35152,2999,33653,241508,6.87
MT,b,1960-1969,81,0.09795,0.09338,0.5,32153,3002,30652,207856,6.46
MT,b,1960-1969,82,0.10757,0.10208,0.5,29151,2976,27663,177204,6.08
MT,b,1960-1969,83,0.11802,0.11144,0.5,26175,2917,24717,149541,5.71
MT,b,1960-1969,84,0.12935,0.12149,0.5,23258,2826,21845,124824,5.37
MT,b,1960-1969,85,0.14161,0.13225,0.5,20432,2702,19081,102979,5.04
MT,b,1960-1969,86,0.15484,0.14371,0.5,17730,2548,16456,83898,4.73
MT,b,1960-1969,87,0.16908,0.15590,0.5,15182,2367,13999,67442,4.44
MT,b,1960-1969,88,0.18437,0.16880,0.5,12815,2163,11734,53443,4.17
MT,b,1960-1969,89,0.20072,0.18241,0.5,10652,1943,9680,41709,3.92
MT,b,1960-1969,90,0.21816,0.19670,0.5,8709,1713,7852,32029,3.68
MT,b,1960-1969,91,0.23669,0.21164,0.5,6996,1481,6256,24176,3.46
MT,b,1960-1969,92,0.25630,0.22718,0.5,5515,1253,4889,17921,3.25
MT,b,1960-1969,93,0.27697,0.24328,0.5,4262,1037,3744,13032,3.06
MT,b,1960-1969,94,0.29867,0.25986,0.5,3225,838,2806,9288,2.88
MT,b,1960-1969,95,0.32134,0.27686,0.5,2387,661,2057,6482,2.72
MT,b,1960-1969,96,0.34491,0.29418,0.5,1726,508,1472,4425,2.56
MT,b,1960-1969,97,0.36930,0.31174,0.5,1218,380,1029,2953,2.42
MT,b,1960-1969,98,0.39441,0.32944,0.5,839,276,700,1924,2.29
MT,b,1960-1969,99,0.42011,0.34718,0.5,562,195,465,1224,2.18
MT,b,1960-1969,100,0.44627,0.36486,0.5,367,134,300,759,2.07
MT,b,1960-1969,101,0.47276,0.38238,0.5,233,89,189,459,1.97
MT,b,1960-1969,102,0.49943,0.39963,0.5,144,58,115,270,1.88
MT,b,1960-1969,103,0.52611,0.41654,0.5,86,36,68,155,1.80
MT,b,1960-1969,104,0.55267,0.43301,0.5,50,22,40,87,1.72
MT,b,1960-1969,105,0.57894,0.44897,0.5,29,13,22,47,1.65
MT,b,1960-1969,106,0.60478,0.46436,0.5,16,7,12,25,1.59
MT,b,1960-1969,107,0.63005,0.47912,0.5,8,4,6,13,1.54
MT,b,1960-1969,108,0.65464,0.49321,0.5,4,2,3,7,1.49
MT,b,1960-1969,109,0.67844,0.50659,0.5,2,1,2,3,1.45
MT,b,1960-1969,110+,0.70135,1.00000,1.43,1,1,2,2,1.43
MT,b,1970-1979,0,0.01695,0.01669,0.1,100000,1669,98490,7224996,72.25
MT,b,1970-1979,1,0.00117,0.00117,0.5,98331,115,98273,7126506,72.47
MT,b,1970-1979,2,0.00096,0.00096,0.5,98216,94,98169,7028232,71.56
MT,b,1970-1979,3,0.00080,0.00080,0.5,98121,78,98082,6930064,70.63
MT,b,1970-1979,4,0.00078,0.00078,0.5,98043,76,98005,6831981,69.68
MT,b,1970-1979,5,0.00065,0.00065,0.5,97967,64,97935,6733976,68.74
MT,b,1970-1979,6,0.00046,0.00046,0.5,97903,45,97881,6636041,67.78
MT,b,1970-1979,7,0.00053,0.00053,0.5,97858,52,97832,6538160,66.81
MT,b,1970-1979,8,0.00031,0.00031,0.5,97806,30,97791,6440328,65.85
MT,b,1970-1979,9,0.00037,0.00037,0.5,97776,36,97758,6342537,64.87
MT,b,1970-1979,10,0.00038,0.00038,0.5,97740,37,97721,6244779,63.89
MT,b,1970-1979,11,0.00032,0.00032,0.5,97703,31,97687,6147058,62.92
MT,b,1970-1979,12,0.00052,0.00052,0.5,97672,51,97646,6049371,61.94
MT,b,1970-1979,13,0.00051,0.00051,0.5,97621,50,97596,5951725,60.97
MT,b,1970-1979,14,0.00059,0.00059,0.5,97571,58,97542,5854129,60.00
MT,b,1970-1979,15,0.00097,0.00097,0.5,97513,95,97465,5756587,59.03
MT,b,1970-1979,16,0.00147,0.00147,0.5,97418,143,97347,5659122,58.09
MT,b,1970-1979,17,0.00168,0.00168,0.5,97275,163,97194,5561775,57.18
MT,b,1970-1979,18,0.00185,0.00185,0.5,97112,179,97022,5464582,56.27
MT,b,1970-1979,19,0.00188,0.00188,0.5,96933,183,96841,5367559,55.37
MT,b,1970-1979,20,0.00186,0.00185,0.5,96750,179,96660,5270718,54.48
MT,b,1970-1979,21,0.00186,0.00185,0.5,96571,179,96481,5174058,53.58
MT,b,1970-1979,22,0.00175,0.00175,0.5,96392,168,96308,5077576,52.68
MT,b,1970-1979,23,0.00163,0.00162,0.5,96223,156,96145,4981269,51.77
MT,b,1970-1979,24,0.00168,0.00168,0.5,96067,161,95987,4885124,50.85
MT,b,1970-1979,25,0.00161,0.00161,0.5,95906,154,95829,4789137,49.94
MT,b,1970-1979,26,0.00153,0.00153,0.5,95752,146,95679,4693308,49.02
MT,b,1970-1979,27,0.00139,0.00138,0.5,95606,132,95539,4597630,48.09
MT,b,1970-1979,28,0.00154,0.00154,0.5,95473,147,95400,4502090,47.16
MT,b,1970-1979,29,0.00151,0.00151,0.5,95327,144,95254,4406690,46.23
MT,b,1970-1979,30,0.00149,0.00149,0.5,95182,142,95111,4311436,45.30
MT,b,1970-1979,31,0.00169,0.00169,0.5,95040,160,94960,4216324,44.36
MT,b,1970-1979,32,0.00151,0.00151,0.5,94880,143,94808,4121364,43.44
MT,b,1970-1979,33,0.00182,0.00182,0.5,94737,173,94650,4026556,42.50
MT,b,1970-1979,34,0.00163,0.00163,0.5,94564,154,94487,3931906,41.58
MT,b,1970-1979,35,0.00202,0.00202,0.5,94410,191,94314,3837419,40.65
MT,b,1970-1979,36,0.00200,0.00200,0.5,94219,188,94125,3743105,39.73
MT,b,1970-1979,37,0.00174,0.00173,0.5,94030,163,93949,3648980,38.81
MT,b,1970-1979,38,0.00254,0.00254,0.5,93867,238,93748,3555031,37.87
MT,b,1970-1979,39,0.00259,0.00258,0.5,93629,242,93508,3461283,36.97
MT,b,1970-1979,40,0.00248,0.00248,0.5,93387,231,93272,3367775,36.06
MT,b,1970-1979,41,0.00316,0.00315,0.5,93156,294,93009,3274503,35.15
MT,b,1970-1979,42,0.00355,0.00354,0.5,92862,329,92698,3181494,34.26
MT,b,1970-1979,43,0.00329,0.00328,0.5,92533,304,92381,3088796,33.38
MT,b,1970-1979,44,0.00405,0.00404,0.5,92229,373,92043,2996415,32.49
MT,b,1970-1979,45,0.00392,0.00391,0.5,91857,359,91677,2904372,31.62
MT,b,1970-1979,46,0.00452,0.00451,0.5,91497,413,91291,2812695,30.74
MT,b,1970-1979,47,0.00468,0.00467,0.5,91084,425,90872,2721404,29.88
MT,b,1970-1979,48,0.00546,0.00545,0.5,90659,494,90412,2630533,29.02
MT,b,1970-1979,49,0.00531,0.00529,0.5,90165,477,89926,2540121,28.17
MT,b,1970-1979,50,0.00603,0.00601,0.5,89688,539,89418,2450195,27.32
MT,b,1970-1979,51,0.00709,0.00707,0.5,89149,630,88834,2360776,26.48
MT,b,1970-1979,52,0.00729,0.00727,0.5,88519,643,88197,2271942,25.67
MT,b,1970-1979,53,0.00730,0.00727,0.5,87876,639,87556,2183745,24.85
MT,b,1970-1979,54,0.00915,0.00911,0.5,87236,795,86839,2096189,24.03
MT,b,1970-1979,55,0.00950,0.00945,0.5,86442,817,86033,2009350,23.25
MT,b,1970-1979,56,0.01014,0.01009,0.5,85625,864,85193,1923317,22.46
MT,b,1970-1979,57,0.01156,0.01149,0.5,84761,974,84274,1838124,21.69
MT,b,1970-1979,58,0.01276,0.01268,0.5,83787,1062,83255,1753850,20.93
MT,b,1970-1979,59,0.01288,0.01280,0.5,82724,1059,82195,1670595,20.19
MT,b,1970-1979,60,0.01435,0.01425,0.5,81665,1164,81083,1588400,19.45
MT,b,1970-1979,61,0.01659,0.01645,0.5,80501,1325,79839,1507317,18.72
MT,b,1970-1979,62,0.01824,0.01808,0.5,79177,1431,78461,1427478,18.03
MT,b,1970-1979,63,0.01929,0.01911,0.5,77745,1485,77003,1349017,17.35
MT,b,1970-1979,64,0.01955,0.01936,0.5,76260,1476,75522,1272014,16.68
MT,b,1970-1979,65,0.02202,0.02178,0.5,74784,1629,73969,1196492,16.00
MT,b,1970-1979,66,0.02344,0.02317,0.5,73155,1695,72307,1122523,15.34
MT,b,1970-1979,67,0.02497,0.02466,0.5,71460,1762,70578,1050216,14.70
MT,b,1970-1979,68,0.02924,0.02882,0.5,69697,2009,68693,979638,14.06
MT,b,1970-1979,69,0.03121,0.03073,0.5,67689,2080,66649,910945,13.46
MT,b,1970-1979,70,0.03183,0.03134,0.5,65609,2056,64581,844296,12.87
MT,b,1970-1979,71,0.03502,0.03442,0.5,63553,2187,62459,779715,12.27
MT,b,1970-1979,72,0.03850,0.03777,0.5,61366,2318,60207,717255,11.69
MT,b,1970-1979,73,0.04297,0.04206,0.5,59048,2484,57806,657048,11.13
MT,b,1970-1979,74,0.04659,0.04553,0.5,56564,2576,55276,599242,10.59
MT,b,1970-1979,75,0.05087,0.04961,0.5,53989,2678,52649,543966,10.08
MT,b,1970-1979,76,0.05316,0.05178,0.5,51310,2657,49982,491317,9.58
MT,b,1970-1979,77,0.06008,0.05833,0.5,48653,2838,47234,441335,9.07
MT,b,1970-1979,78,0.06509,0.06304,0.5,45815,2888,44371,394100,8.60
MT,b,1970-1979,79,0.07102,0.06859,0.5,42927,2944,41455,349729,8.15
MT,b,1970-1979,80,0.07354,0.07093,0.5,39983,2836,38565,308275,7.71
MT,b,1970-1979,81,0.08099,0.07784,0.5,37147,2891,35701,269710,7.26
MT,b,1970-1979,82,0.08915,0.08534,0.5,34255,2923,32793,234009,6.83
MT,b,1970-1979,83,0.09807,0.09349,0.5,31332,2929,29867,201216,6.42
MT,b,1970-1979,84,0.10782,0.10231,0.5,28403,2906,26950,171349,6.03
MT,b,1970-1979,85,0.11846,0.11183,0.5,25497,2851,24071,144399,5.66
MT,b,1970-1979,86,0.13003,0.12209,0.5,22645,2765,21263,120328,5.31
MT,b,1970-1979,87,0.14261,0.13311,0.5,19880,2646,18557,99065,4.98
MT,b,1970-1979,88,0.15623,0.14491,0.5,17234,2497,15985,80508,4.67
MT,b,1970-1979,89,0.17096,0.15749,0.5,14737,2321,13576,64522,4.38
MT,b,1970-1979,90,0.18683,0.17087,0.5,12416,2121,11355,50946,4.10
MT,b,1970-1979,91,0.20388,0.18502,0.5,10294,1905,9342,39591,3.85
MT,b,1970-1979,92,0.22213,0.19992,0.5,8390,1677,7551,30249,3.61
MT,b,1970-1979,93,0.24159,0.21556,0.5,6712,1447,5989,22698,3.38
MT,b,1970-1979,94,0.26227,0.23186,0.5,5265,1221,4655,16709,3.17
MT,b,1970-1979,95,0.28412,0.24878,0.5,4045,1006,3542,12054,2.98
MT,b,1970-1979,96,0.30712,0.26624,0.5,3038,809,2634,8513,2.80
MT,b,1970-1979,97,0.33120,0.28415,0.5,2229,633,1913,5879,2.64
MT,b,1970-1979,98,0.35628,0.30241,0.5,1596,483,1355,3966,2.49
MT,b,1970-1979,99,0.38224,0.32091,0.5,1113,357,935,2611,2.35
MT,b,1970-1979,100,0.40896,0.33954,0.5,756,257,628,1677,2.22
MT,b,1970-1979,101,0.43630,0.35817,0.5,499,179,410,1049,2.10
MT,b,1970-1979,102,0.46409,0.37668,0.5,320,121,260,639,1.99
MT,b,1970-1979,103,0.49216,0.39496,0.5,200,79,160,379,1.90
MT,b,1970-1979,104,0.52032,0.41290,0.5,121,50,96,219,1.81
MT,b,1970-1979,105,0.54839,0.43038,0.5,71,31,56,123,1.73
MT,b,1970-1979,106,0.57620,0.44732,0.5,40,18,31,67,1.66
MT,b,1970-1979,107,0.60355,0.46364,0.5,22,10,17,36,1.59
MT,b,1970-1979,108,0.63029,0.47926,0.5,12,6,9,18,1.54
MT,b,1970-1979,109,0.65627,0.49413,0.5,6,3,5,9,1.50
MT,b,1970-1979,110+,0.68136,1.00000,1.47,3,3,5,5,1.47
MT,b,1980-1989,0,0.00995,0.00985,0.08,100000,985,99089,7524364,75.24
MT,b,1980-1989,1,0.00098,0.00098,0.5,99015,97,98966,7425274,74.99
MT,b,1980-1989,2,0.00051,0.00051,0.5,98917,51,98892,7326308,74.07
MT,b,1980-1989,3,0.00043,0.00043,0.5,98866,43,98845,7227417,73.10
MT,b,1980-1989,4,0.00027,0.00027,0.5,98824,27,98810,7128571,72.13
MT,b,1980-1989,5,0.00039,0.00039,0.5,98797,38,98778,7029761,71.15
MT,b,1980-1989,6,0.00031,0.00031,0.5,98758,31,98743,6930984,70.18
MT,b,1980-1989,7,0.00025,0.00025,0.5,98728,25,98715,6832240,69.20
MT,b,1980-1989,8,0.00026,0.00026,0.5,98703,26,98690,6733525,68.22
MT,b,1980-1989,9,0.00026,0.00026,0.5,98677,26,98664,6634835,67.24
MT,b,1980-1989,10,0.00022,0.00022,0.5,98651,22,98640,6536171,66.26
MT,b,1980-1989,11,0.00024,0.00024,0.5,98629,23,98618,6437530,65.27
MT,b,1980-1989,12,0.00034,0.00034,0.5,98606,34,98589,6338913,64.29
MT,b,1980-1989,13,0.00033,0.00033,0.5,98573,33,98556,6240323,63.31
MT,b,1980-1989,14,0.00054,0.00054,0.5,98540,53,98513,6141767,62.33
MT,b,1980-1989,15,0.00080,0.00080,0.5,98487,79,98448,6043253,61.36
MT,b,1980-1989,16,0.00109,0.00109,0.5,98408,108,98355,5944806,60.41
MT,b,1980-1989,17,0.00115,0.00115,0.5,98301,113,98244,5846451,59.48
MT,b,1980-1989,18,0.00148,0.00148,0.5,98188,145,98115,5748207,58.54
MT,b,1980-1989,19,0.00153,0.00153,0.5,98043,150,97968,5650091,57.63
MT,b,1980-1989,20,0.00143,0.00143,0.5,97892,140,97823,5552124,56.72
MT,b,1980-1989,21,0.00144,0.00143,0.5,97753,140,97683,5454301,55.80
MT,b,1980-1989,22,0.00152,0.00151,0.5,97613,148,97539,5356618,54.88
MT,b,1980-1989,23,0.00140,0.00140,0.5,97465,136,97397,5259080,53.96
MT,b,1980-1989,24,0.00126,0.00126,0.5,97328,123,97267,5161683,53.03
MT,b,1980-1989,25,0.00131,0.00131,0.5,97205,127,97142,5064416,52.10
MT,b,1980-1989,26,0.00133,0.00133,0.5,97078,129,97014,4967274,51.17
MT,b,1980-1989,27,0.00122,0.00122,0.5,96949,118,96890,4870260,50.24
MT,b,1980-1989,28,0.00148,0.00148,0.5,96832,143,96760,4773370,49.30
MT,b,1980-1989,29,0.00124,0.00124,0.5,96688,120,96628,4676610,48.37
MT,b,1980-1989,30,0.00133,0.00133,0.5,96568,129,96504,4579982,47.43
MT,b,1980-1989,31,0.00139,0.00138,0.5,96439,134,96373,4483478,46.49
MT,b,1980-1989,32,0.00141,0.00141,0.5,96306,135,96238,4387106,45.55
MT,b,1980-1989,33,0.00145,0.00145,0.5,96170,140,96100,4290868,44.62
MT,b,1980-1989,34,0.00131,0.00131,0.5,96031,126,95968,4194768,43.68
MT,b,1980-1989,35,0.00138,0.00138,0.5,95905,132,95839,4098800,42.74
MT,b,1980-1989,36,0.00170,0.00170,0.5,95773,163,95691,4002961,41.80
MT,b,1980-1989,37,0.00178,0.00178,0.5,95610,170,95524,3907270,40.87
MT,b,1980-1989,38,0.00191,0.00191,0.5,95439,182,95348,3811746,39.94
MT,b,1980-1989,39,0.00182,0.00181,0.5,95257,173,95170,3716398,39.01
MT,b,1980-1989,40,0.00213,0.00213,0.5,95084,202,94983,3621228,38.08
MT,b,1980-1989,41,0.00222,0.00221,0.5,94882,210,94777,3526245,37.16
MT,b,1980-1989,42,0.00224,0.00224,0.5,94671,212,94566,3431468,36.25
MT,b,1980-1989,43,0.00228,0.00228,0.5,94460,215,94352,3336903,35.33
MT,b,1980-1989,44,0.00275,0.00275,0.5,94245,259,94115,3242551,34.41
MT,b,1980-1989,45,0.00307,0.00307,0.5,93986,288,93842,3148435,33.50
MT,b,1980-1989,46,0.00340,0.00339,0.5,93698,318,93539,3054594,32.60
MT,b,1980-1989,47,0.00407,0.00406,0.5,93380,379,93190,2961055,31.71
MT,b,1980-1989,48,0.00382,0.00381,0.5,93001,355,92823,2867865,30.84
MT,b,1980-1989,49,0.00370,0.00369,0.5,92646,342,92475,2775042,29.95
MT,b,1980-1989,50,0.00454,0.00453,0.5,92304,418,92095,2682567,29.06
MT,b,1980-1989,51,0.00584,0.00582,0.5,91886,535,91618,2590472,28.19
MT,b,1980-1989,52,0.00593,0.00591,0.5,91351,540,91081,2498853,27.35
MT,b,1980-1989,53,0.00699,0.00697,0.5,90811,633,90495,2407772,26.51
MT,b,1980-1989,54,0.00647,0.00645,0.5,90179,582,89888,2317277,25.70
MT,b,1980-1989,55,0.00791,0.00788,0.5,89597,706,89244,2227390,24.86
MT,b,1980-1989,56,0.00851,0.00848,0.5,88891,753,88514,2138146,24.05
MT,b,1980-1989,57,0.00868,0.00865,0.5,88138,762,87757,2049631,23.25
MT,b,1980-1989,58,0.00996,0.00991,0.5,87376,866,86943,1961875,22.45
MT,b,1980-1989,59,0.01074,0.01068,0.5,86510,924,86048,1874932,21.67
MT,b,1980-1989,60,0.01192,0.01185,0.5,85586,1014,85079,1788884,20.90
MT,b,1980-1989,61,0.01266,0.01258,0.5,84572,1064,84040,1703805,20.15
MT,b,1980-1989,62,0.01523,0.01511,0.5,83508,1262,82877,1619765,19.40
MT,b,1980-1989,63,0.01498,0.01487,0.5,82246,1223,81634,1536889,18.69
MT,b,1980-1989,64,0.01602,0.01589,0.5,81023,1287,80379,1455254,17.96
MT,b,1980-1989,65,0.01801,0.01785,0.5,79735,1423,79024,1374875,17.24
MT,b,1980-1989,66,0.01890,0.01872,0.5,78312,1466,77579,1295852,16.55
MT,b,1980-1989,67,0.02095,0.02073,0.5,76846,1593,76049,1218273,15.85
MT,b,1980-1989,68,0.02493,0.02462,0.5,75252,1853,74326,1142224,15.18
MT,b,1980-1989,69,0.02494,0.02463,0.5,73400,1808,72496,1067898,14.55
MT,b,1980-1989,70,0.02744,0.02707,0.5,71592,1938,70623,995402,13.90
MT,b,1980-1989,71,0.03041,0.02996,0.5,69654,2087,68611,924779,13.28
MT,b,1980-1989,72,0.03503,0.03442,0.5,67567,2326,66404,856169,12.67
MT,b,1980-1989,73,0.03506,0.03445,0.5,65241,2248,64117,789764,12.11
MT,b,1980-1989,74,0.03862,0.03789,0.5,62994,2387,61800,725647,11.52
MT,b,1980-1989,75,0.04329,0.04238,0.5,60607,2568,59323,663847,10.95
MT,b,1980-1989,76,0.04650,0.04545,0.5,58038,2638,56720,604524,10.42
MT,b,1980-1989,77,0.05148,0.05019,0.5,55401,2781,54011,547804,9.89
MT,b,1980-1989,78,0.05580,0.05429,0.5,52620,2857,51192,493794,9.38
MT,b,1980-1989,79,0.05996,0.05822,0.5,49764,2897,48315,442602,8.89
MT,b,1980-1989,80,0.06392,0.06194,0.5,46866,2903,45415,394287,8.41
MT,b,1980-1989,81,0.07043,0.06803,0.5,43963,2991,42468,348872,7.94
MT,b,1980-1989,82,0.07756,0.07467,0.5,40972,3059,39443,306404,7.48
MT,b,1980-1989,83,0.08537,0.08187,0.5,37913,3104,36361,266961,7.04
MT,b,1980-1989,84,0.09390,0.08969,0.5,34809,3122,33248,230600,6.62
MT,b,1980-1989,85,0.10321,0.09815,0.5,31687,3110,30132,197352,6.23
MT,b,1980-1989,86,0.11336,0.10728,0.5,28577,3066,27044,167220,5.85
MT,b,1980-1989,87,0.12439,0.11710,0.5,25511,2987,24018,140176,5.49
MT,b,1980-1989,88,0.13636,0.12765,0.5,22524,2875,21086,116159,5.16
MT,b,1980-1989,89,0.14932,0.13894,0.5,19649,2730,18284,95072,4.84
MT,b,1980-1989,90,0.16332,0.15099,0.5,16919,2555,15641,76789,4.54
MT,b,1980-1989,91,0.17840,0.16379,0.5,14364,2353,13188,61147,4.26
MT,b,1980-1989,92,0.19459,0.17734,0.5,12011,2130,10946,47960,3.99
MT,b,1980-1989,93,0.21193,0.19163,0.5,9881,1894,8935,37013,3.75
MT,b,1980-1989,94,0.23043,0.20663,0.5,7988,1650,7163,28079,3.52
MT,b,1980-1989,95,0.25009,0.22229,0.5,6337,1409,5633,20916,3.30
MT,b,1980-1989,96,0.27090,0.23859,0.5,4929,1176,4341,15283,3.10
MT,b,1980-1989,97,0.29284,0.25544,0.5,3753,959,3273,10943,2.92
MT,b,1980-1989,98,0.31584,0.27277,0.5,2794,762,2413,7669,2.74
MT,b,1980-1989,99,0.33987,0.29050,0.5,2032,590,1737,5256,2.59
MT,b,1980-1989,100,0.36481,0.30853,0.5,1442,445,1219,3520,2.44
MT,b,1980-1989,101,0.39058,0.32677,0.5,997,326,834,2300,2.31
MT,b,1980-1989,102,0.41705,0.34509,0.5,671,232,555,1466,2.18
MT,b,1980-1989,103,0.44408,0.36339,0.5,440,160,360,911,2.07
MT,b,1980-1989,104,0.47152,0.38156,0.5,280,107,226,551,1.97
MT,b,1980-1989,105,0.49920,0.39949,0.5,173,69,138,325,1.88
MT,b,1980-1989,106,0.52695,0.41706,0.5,104,43,82,186,1.79
MT,b,1980-1989,107,0.55460,0.43420,0.5,61,26,47,104,1.72
MT,b,1980-1989,108,0.58197,0.45080,0.5,34,15,27,57,1.66
MT,b,1980-1989,109,0.60891,0.46679,0.5,19,9,14,30,1.61
MT,b,1980-1989,110+,0.63525,1.00000,1.57,10,10,16,16,1.57
MT,b,1990-1999,0,0.00746,0.00741,0.07,100000,741,99310,7683036,76.83
MT,b,1990-1999,1,0.00069,0.00069,0.5,99259,69,99225,7583725,76.40
MT,b,1990-1999,2,0.00048,0.00048,0.5,99191,48,99167,7484500,75.46
MT,b,1990-1999,3,0.00042,0.00042,0.5,99143,42,99122,7385334,74.49
MT,b,1990-1999,4,0.00026,0.00026,0.5,99101,26,99088,7286212,73.52
MT,b,1990-1999,5,0.00018,0.00018,0.5,99075,18,99066,7187123,72.54
MT,b,1990-1999,6,0.00020,0.00020,0.5,99057,20,99047,7088057,71.56
MT,b,1990-1999,7,0.00015,0.00015,0.5,99037,15,99029,6989010,70.57
MT,b,1990-1999,8,0.00020,0.00020,0.5,99022,20,99012,6889981,69.58
MT,b,1990-1999,9,0.00022,0.00022,0.5,99002,22,98991,6790969,68.59
MT,b,1990-1999,10,0.00016,0.00016,0.5,98980,16,98972,6691978,67.61
MT,b,1990-1999,11,0.00026,0.00026,0.5,98964,25,98951,6593006,66.62
MT,b,1990-1999,12,0.00022,0.00022,0.5,98938,22,98927,6494055,65.64
MT,b,1990-1999,13,0.00036,0.00036,0.5,98916,36,98898,6395128,64.65
MT,b,1990-1999,14,0.00038,0.00038,0.5,98880,37,98862,6296229,63.68
MT,b,1990-1999,15,0.00064,0.00064,0.5,98843,63,98812,6197368,62.70
MT,b,1990-1999,16,0.00086,0.00086,0.5,98780,85,98738,6098556,61.74
MT,b,1990-1999,17,0.00100,0.00100,0.5,98695,99,98646,5999818,60.79
MT,b,1990-1999,18,0.00115,0.00115,0.5,98597,114,98540,5901172,59.85
MT,b,1990-1999,19,0.00143,0.00143,0.5,98483,141,98413,5802632,58.92
MT,b,1990-1999,20,0.00118,0.00118,0.5,98342,116,98284,5704219,58.00
MT,b,1990-1999,21,0.00109,0.00109,0.5,98226,107,98173,5605935,57.07
MT,b,1990-1999,22,0.00144,0.00144,0.5,98119,141,98049,5507762,56.13
MT,b,1990-1999,23,0.00121,0.00121,0.5,97978,119,97919,5409713,55.21
MT,b,1990-1999,24,0.00102,0.00102,0.5,97860,100,97810,5311794,54.28
MT,b,1990-1999,25,0.00127,0.00127,0.5,97760,124,97698,5213984,53.33
MT,b,1990-1999,26,0.00124,0.00123,0.5,97636,121,97576,5116286,52.40
MT,b,1990-1999,27,0.00122,0.00122,0.5,97516,119,97456,5018710,51.47
MT,b,1990-1999,28,0.00116,0.00116,0.5,97396,113,97340,4921254,50.53
MT,b,1990-1999,29,0.00120,0.00120,0.5,97283,117,97225,4823915,49.59
MT,b,1990-1999,30,0.00124,0.00124,0.5,97167,121,97106,4726690,48.65
MT,b,1990-1999,31,0.00131,0.00131,0.5,97046,127,96982,4629583,47.71
MT,b,1990-1999,32,0.00125,0.00125,0.5,96918,121,96858,4532601,46.77
MT,b,1990-1999,33,0.00125,0.00125,0.5,96798,121,96737,4435743,45.82
MT,b,1990-1999,34,0.00126,0.00126,0.5,96677,122,96616,4339006,44.88
MT,b,1990-1999,35,0.00126,0.00125,0.5,96555,121,96495,4242389,43.94
MT,b,1990-1999,36,0.00141,0.00141,0.5,96434,136,96366,4145895,42.99
MT,b,1990-1999,37,0.00139,0.00139,0.5,96299,134,96232,4049529,42.05
MT,b,1990-1999,38,0.00177,0.00177,0.5,96165,170,96079,3953297,41.11
MT,b,1990-1999,39,0.00168,0.00168,0.5,95994,161,95914,3857218,40.18
MT,b,1990-1999,40,0.00180,0.00180,0.5,95833,173,95747,3761304,39.25
MT,b,1990-1999,41,0.00182,0.00182,0.5,95660,174,95573,3665557,38.32
MT,b,1990-1999,42,0.00201,0.00200,0.5,95486,191,95390,3569984,37.39
MT,b,1990-1999,43,0.00209,0.00209,0.5,95295,199,95195,3474594,36.46
MT,b,1990-1999,44,0.00218,0.00218,0.5,95095,207,94992,3379399,35.54
MT,b,1990-1999,45,0.00236,0.00236,0.5,94888,224,94776,3284407,34.61
MT,b,1990-1999,46,0.00261,0.00260,0.5,94664,246,94541,3189631,33.69
MT,b,1990-1999,47,0.00284,0.00284,0.5,94418,268,94284,3095091,32.78
MT,b,1990-1999,48,0.00338,0.00337,0.5,94150,317,93991,3000807,31.87
MT,b,1990-1999,49,0.00354,0.00354,0.5,93832,332,93666,2906816,30.98
MT,b,1990-1999,50,0.00396,0.00395,0.5,93500,370,93315,2813150,30.09
MT,b,1990-1999,51,0.00453,0.00452,0.5,93131,421,92920,2719834,29.20
MT,b,1990-1999,52,0.00461,0.00460,0.5,92709,426,92496,2626914,28.33
MT,b,1990-1999,53,0.00531,0.00530,0.5,92283,489,92039,2534418,27.46
MT,b,1990-1999,54,0.00549,0.00547,0.5,91794,502,91543,2442379,26.61
MT,b,1990-1999,55,0.00619,0.00618,0.5,91292,564,91010,2350836,25.75
MT,b,1990-1999,56,0.00683,0.00681,0.5,90728,618,90419,2259826,24.91
MT,b,1990-1999,57,0.00786,0.00782,0.5,90110,705,89758,2169407,24.07
MT,b,1990-1999,58,0.00851,0.00847,0.5,89405,758,89027,2079649,23.26
MT,b,1990-1999,59,0.00831,0.00828,0.5,88648,734,88281,1990622,22.46
MT,b,1990-1999,60,0.00983,0.00978,0.5,87914,860,87484,1902341,21.64
MT,b,1990-1999,61,0.01121,0.01114,0.5,87054,970,86569,1814858,20.85
MT,b,1990-1999,62,0.01305,0.01296,0.5,86084,1116,85526,1728289,20.08
MT,b,1990-1999,63,0.01351,0.01342,0.5,84968,1140,84398,1642763,19.33
MT,b,1990-1999,64,0.01440,0.01429,0.5,83828,1198,83229,1558365,18.59
MT,b,1990-1999,65,0.01667,0.01654,0.5,82630,1366,81947,1475136,17.85
MT,b,1990-1999,66,0.01735,0.01720,0.5,81263,1398,80565,1393190,17.14
MT,b,1990-1999,67,0.02006,0.01986,0.5,79866,1587,79072,1312625,16.44
MT,b,1990-1999,68,0.02156,0.02133,0.5,78279,1669,77444,1233553,15.76
MT,b,1990-1999,69,0.02292,0.02266,0.5,76610,1736,75742,1156108,15.09
MT,b,1990-1999,70,0.02568,0.02535,0.5,74874,1898,73925,1080367,14.43
MT,b,1990-1999,71,0.02831,0.02791,0.5,72976,2037,71957,1006442,13.79
MT,b,1990-1999,72,0.02972,0.02928,0.5,70939,2077,69900,934484,13.17
MT,b,1990-1999,73,0.03334,0.03279,0.5,68862,2258,67733,864584,12.56
MT,b,1990-1999,74,0.03573,0.03510,0.5,66604,2338,65435,796851,11.96
MT,b,1990-1999,75,0.03906,0.03831,0.5,64266,2462,63035,731417,11.38
MT,b,1990-1999,76,0.04182,0.04096,0.5,61803,2532,60538,668382,10.81
MT,b,1990-1999,77,0.04607,0.04503,0.5,59272,2669,57937,607844,10.26
MT,b,1990-1999,78,0.04938,0.04819,0.5,56603,2728,55239,549907,9.72
MT,b,1990-1999,79,0.05610,0.05457,0.5,53875,2940,52406,494668,9.18
MT,b,1990-1999,80,0.05756,0.05595,0.5,50936,2850,49511,442262,8.68
MT,b,1990-1999,81,0.06401,0.06203,0.5,48086,2983,46594,392752,8.17
MT,b,1990-1999,82,0.07114,0.06870,0.5,45103,3099,43554,346157,7.67
MT,b,1990-1999,83,0.07902,0.07601,0.5,42005,3193,40408,302603,7.20
MT,b,1990-1999,84,0.08769,0.08401,0.5,38812,3261,37181,262195,6.76
MT,b,1990-1999,85,0.09724,0.09273,0.5,35551,3297,33903,225014,6.33
MT,b,1990-1999,86,0.10773,0.10222,0.5,32254,3297,30606,191111,5.93
MT,b,1990-1999,87,0.11922,0.11251,0.5,28957,3258,27328,160505,5.54
MT,b,1990-1999,88,0.13178,0.12363,0.5,25699,3177,24111,133177,5.18
MT,b,1990-1999,89,0.14548,0.13562,0.5,22522,3054,20995,109066,4.84
MT,b,1990-1999,90,0.16038,0.14847,0.5,19468,2890,18022,88072,4.52
MT,b,1990-1999,91,0.17653,0.16221,0.5,16577,2689,15233,70049,4.23
MT,b,1990-1999,92,0.19398,0.17683,0.5,13888,2456,12660,54816,3.95
MT,b,1990-1999,93,0.21275,0.19230,0.5,11432,2198,10333,42156,3.69
MT,b,1990-1999,94,0.23288,0.20859,0.5,9234,1926,8271,31823,3.45
MT,b,1990-1999,95,0.25435,0.22565,0.5,7308,1649,6483,23552,3.22
MT,b,1990-1999,96,0.27715,0.24341,0.5,5659,1377,4970,17069,3.02
MT,b,1990-1999,97,0.30123,0.26180,0.5,4281,1121,3721,12099,2.83
MT,b,1990-1999,98,0.32653,0.28070,0.5,3161,887,2717,8378,2.65
MT,b,1990-1999,99,0.35296,0.30002,0.5,2273,682,1932,5661,2.49
MT,b,1990-1999,100,0.38040,0.31961,0.5,1591,509,1337,3729,2.34
MT,b,1990-1999,101,0.40869,0.33935,0.5,1083,367,899,2392,2.21
MT,b,1990-1999,102,0.43768,0.35910,0.5,715,257,587,1493,2.09
MT,b,1990-1999,103,0.46718,0.37872,0.5,458,174,372,906,1.98
MT,b,1990-1999,104,0.49698,0.39807,0.5,285,113,228,534,1.88
MT,b,1990-1999,105,0.52687,0.41702,0.5,171,71,136,306,1.78
MT,b,1990-1999,106,0.55664,0.43544,0.5,100,44,78,170,1.70
MT,b,1990-1999,107,0.58606,0.45325,0.5,56,26,44,92,1.63
MT,b,1990-1999,108,0.61494,0.47033,0.5,31,15,24,48,1.57
MT,b,1990-1999,109,0.64309,0.48662,0.5,16,8,12,25,1.52
MT,b,1990-1999,110+,0.67033,1.00000,1.49,8,8,13,13,1.49
MT,b,2000-2009,0,0.00647,0.00643,0.07,100000,643,99400,7779322,77.79
MT,b,2000-2009,1,0.00052,0.00052,0.5,99357,52,99331,7679922,77.30
MT,b,2000-2009,2,0.00039,0.00039,0.5,99305,39,99286,7580591,76.34
MT,b,2000-2009,3,0.00031,0.00031,0.5,99267,31,99251,7481305,75.37
MT,b,2000-2009,4,0.00019,0.00019,0.5,99236,19,99226,7382054,74.39
MT,b,2000-2009,5,0.00023,0.00023,0.5,99216,23,99205,7282828,73.40
MT,b,2000-2009,6,0.00029,0.00029,0.5,99193,29,99179,7183623,72.42
MT,b,2000-2009,7,0.00018,0.00018,0.5,99164,18,99155,7084444,71.44
MT,b,2000-2009,8,0.00015,0.00015,0.5,99147,15,99139,6985289,70.45
MT,b,2000-2009,9,0.00019,0.00019,0.5,99132,19,99122,6886149,69.46
MT,b,2000-2009,10,0.00010,0.00010,0.5,99113,10,99108,6787027,68.48
MT,b,2000-2009,11,0.00014,0.00014,0.5,99103,14,99096,6687919,67.48
MT,b,2000-2009,12,0.00020,0.00020,0.5,99089,20,99079,6588824,66.49
MT,b,2000-2009,13,0.00034,0.00034,0.5,99069,33,99052,6489745,65.51
MT,b,2000-2009,14,0.00035,0.00035,0.5,99036,35,99018,6390692,64.53
MT,b,2000-2009,15,0.00046,0.00046,0.5,99001,45,98978,6291674,63.55
MT,b,2000-2009,16,0.00072,0.00072,0.5,98956,71,98920,6192696,62.58
MT,b,2000-2009,17,0.00078,0.00078,0.5,98884,77,98846,6093776,61.63
MT,b,2000-2009,18,0.00116,0.00116,0.5,98808,115,98750,5994930,60.67
MT,b,2000-2009,19,0.00109,0.00109,0.5,98693,107,98639,5896180,59.74
MT,b,2000-2009,20,0.00107,0.00106,0.5,98585,105,98533,5797541,58.81
MT,b,2000-2009,21,0.00119,0.00119,0.5,98480,117,98422,5699008,57.87
MT,b,2000-2009,22,0.00119,0.00119,0.5,98363,117,98304,5600587,56.94
MT,b,2000-2009,23,0.00117,0.00117,0.5,98246,115,98188,5502283,56.01
MT,b,2000-2009,24,0.00132,0.00132,0.5,98131,130,98066,5404094,55.07
MT,b,2000-2009,25,0.00117,0.00117,0.5,98002,114,97944,5306028,54.14
MT,b,2000-2009,26,0.00129,0.00129,0.5,97887,127,97824,5208084,53.21
MT,b,2000-2009,27,0.00128,0.00127,0.5,97760,125,97698,5110260,52.27
MT,b,2000-2009,28,0.00125,0.00125,0.5,97636,122,97575,5012562,51.34
MT,b,2000-2009,29,0.00134,0.00133,0.5,97514,130,97449,4914987,50.40
MT,b,2000-2009,30,0.00123,0.00123,0.5,97384,120,97324,4817538,49.47
MT,b,2000-2009,31,0.00124,0.00124,0.5,97264,121,97203,4720215,48.53
MT,b,2000-2009,32,0.00129,0.00128,0.5,97143,125,97080,4623011,47.59
MT,b,2000-2009,33,0.00148,0.00148,0.5,97018,144,96946,4525931,46.65
MT,b,2000-2009,34,0.00150,0.00150,0.5,96874,145,96801,4428985,45.72
MT,b,2000-2009,35,0.00163,0.00163,0.5,96729,158,96650,4332183,44.79
MT,b,2000-2009,36,0.00179,0.00179,0.5,96571,173,96485,4235533,43.86
MT,b,2000-2009,37,0.00163,0.00163,0.5,96398,157,96319,4139049,42.94
MT,b,2000-2009,38,0.00186,0.00186,0.5,96241,179,96151,4042729,42.01
MT,b,2000-2009,39,0.00207,0.00206,0.5,96062,198,95963,3946578,41.08
MT,b,2000-2009,40,0.00201,0.00201,0.5,95864,193,95767,3850615,40.17
MT,b,2000-2009,41,0.00205,0.00205,0.5,95671,196,95573,3754848,39.25
MT,b,2000-2009,42,0.00218,0.00217,0.5,95475,208,95371,3659275,38.33
MT,b,2000-2009,43,0.00230,0.00230,0.5,95267,219,95158,3563904,37.41
MT,b,2000-2009,44,0.00268,0.00267,0.5,95048,254,94921,3468746,36.49
MT,b,2000-2009,45,0.00295,0.00295,0.5,94794,280,94654,3373825,35.59
MT,b,2000-2009,46,0.00287,0.00287,0.5,94514,271,94379,3279171,34.69
MT,b,2000-2009,47,0.00336,0.00335,0.5,94243,316,94085,3184793,33.79
MT,b,2000-2009,48,0.00336,0.00336,0.5,93927,315,93769,3090708,32.91
MT,b,2000-2009,49,0.00363,0.00362,0.5,93612,339,93442,2996938,32.01
MT,b,2000-2009,50,0.00410,0.00409,0.5,93273,381,93082,2903496,31.13
MT,b,2000-2009,51,0.00421,0.00420,0.5,92892,390,92696,2810414,30.25
MT,b,2000-2009,52,0.00458,0.00457,0.5,92501,422,92290,2717718,29.38
MT,b,2000-2009,53,0.00487,0.00485,0.5,92079,447,91855,2625428,28.51
MT,b,2000-2009,54,0.00508,0.00507,0.5,91632,464,91400,2533572,27.65
MT,b,2000-2009,55,0.00610,0.00608,0.5,91168,554,90891,2442172,26.79
MT,b,2000-2009,56,0.00580,0.00578,0.5,90613,524,90351,2351282,25.95
MT,b,2000-2009,57,0.00658,0.00656,0.5,90090,591,89794,2260930,25.10
MT,b,2000-2009,58,0.00715,0.00713,0.5,89498,638,89180,2171136,24.26
MT,b,2000-2009,59,0.00810,0.00806,0.5,88861,716,88502,2081957,23.43
MT,b,2000-2009,60,0.00852,0.00849,0.5,88144,748,87770,1993454,22.62
MT,b,2000-2009,61,0.00920,0.00915,0.5,87396,800,86996,1905684,21.81
MT,b,2000-2009,62,0.01021,0.01016,0.5,86596,880,86156,1818688,21.00
MT,b,2000-2009,63,0.01147,0.01141,0.5,85716,978,85227,1732532,20.21
MT,b,2000-2009,64,0.01254,0.01246,0.5,84738,1056,84210,1647305,19.44
MT,b,2000-2009,65,0.01345,0.01336,0.5,83682,1118,83123,1563095,18.68
MT,b,2000-2009,66,0.01480,0.01469,0.5,82564,1213,81958,1479972,17.93
MT,b,2000-2009,67,0.01593,0.01580,0.5,81351,1285,80709,1398014,17.18
MT,b,2000-2009,68,0.01747,0.01732,0.5,80066,1387,79372,1317305,16.45
MT,b,2000-2009,69,0.01876,0.01858,0.5,78679,1462,77948,1237933,15.73
MT,b,2000-2009,70,0.02151,0.02128,0.5,77217,1643,76395,1159985,15.02
MT,b,2000-2009,71,0.02286,0.02260,0.5,75574,1708,74720,1083590,14.34
MT,b,2000-2009,72,0.02454,0.02425,0.5,73865,1791,72970,1008870,13.66
MT,b,2000-2009,73,0.02807,0.02768,0.5,72074,1995,71077,935900,12.99
MT,b,2000-2009,74,0.03139,0.03090,0.5,70079,2166,68997,864823,12.34
MT,b,2000-2009,75,0.03445,0.03387,0.5,67914,2300,66764,795827,11.72
MT,b,2000-2009,76,0.03605,0.03541,0.5,65614,2323,64452,729063,11.11
MT,b,2000-2009,77,0.03973,0.03896,0.5,63290,2466,62058,664611,10.50
MT,b,2000-2009,78,0.04396,0.04302,0.5,60825,2617,59516,602553,9.91
MT,b,2000-2009,79,0.05145,0.05016,0.5,58208,2919,56748,543037,9.33
MT,b,2000-2009,80,0.05170,0.05040,0.5,55289,2787,53895,486288,8.80
MT,b,2000-2009,81,0.05838,0.05673,0.5,52502,2978,51013,432393,8.24
MT,b,2000-2009,82,0.06586,0.06376,0.5,49524,3158,47945,381380,7.70
MT,b,2000-2009,83,0.07424,0.07158,0.5,46366,3319,44707,333435,7.19
MT,b,2000-2009,84,0.08358,0.08023,0.5,43047,3454,41320,288728,6.71
MT,b,2000-2009,85,0.09398,0.08977,0.5,39594,3554,37817,247408,6.25
MT,b,2000-2009,86,0.10554,0.10025,0.5,36040,3613,34233,209591,5.82
MT,b,2000-2009,87,0.11834,0.11173,0.5,32427,3623,30615,175358,5.41
MT,b,2000-2009,88,0.13248,0.12425,0.5,28803,3579,27014,144743,5.03
MT,b,2000-2009,89,0.14803,0.13783,0.5,25225,3477,23486,117729,4.67
MT,b,2000-2009,90,0.16507,0.15248,0.5,21748,3316,20090,94243,4.33
MT,b,2000-2009,91,0.18366,0.16821,0.5,18432,3100,16882,74152,4.02
MT,b,2000-2009,92,0.20385,0.18500,0.5,15331,2836,13913,57271,3.74
MT,b,2000-2009,93,0.22567,0.20279,0.5,12495,2534,11228,43357,3.47
MT,b,2000-2009,94,0.24912,0.22153,0.5,9961,2207,8858,32129,3.23
MT,b,2000-2009,95,0.27417,0.24112,0.5,7755,1870,6820,23271,3.00
MT,b,2000-2009,96,0.30076,0.26145,0.5,5885,1539,5115,16452,2.80
MT,b,2000-2009,97,0.32880,0.28237,0.5,4346,1227,3733,11336,2.61
MT,b,2000-2009,98,0.35814,0.30375,0.5,3119,947,2645,7604,2.44
MT,b,2000-2009,99,0.38862,0.32540,0.5,2172,707,1818,4958,2.28
MT,b,2000-2009,100,0.42005,0.34714,0.5,1465,509,1211,3140,2.14
MT,b,2000-2009,101,0.45217,0.36879,0.5,956,353,780,1929,2.02
MT,b,2000-2009,102,0.48474,0.39017,0.5,604,236,486,1149,1.90
MT,b,2000-2009,103,0.51749,0.41111,0.5,368,151,292,663,1.80
MT,b,2000-2009,104,0.55012,0.43145,0.5,217,94,170,371,1.71
MT,b,2000-2009,105,0.58238,0.45104,0.5,123,56,95,201,1.63
MT,b,2000-2009,106,0.61398,0.46977,0.5,68,32,52,105,1.56
MT,b,2000-2009,107,0.64469,0.48753,0.5,36,17,27,54,1.49
MT,b,2000-2009,108,0.67428,0.50427,0.5,18,9,14,26,1.44
MT,b,2000-2009,109,0.70258,0.51993,0.5,9,5,7,13,1.40
MT,b,2000-2009,110+,0.72944,1.00000,1.37,4,4,6,6,1.37
MT,b,2010-2017,0,0.00572,0.00569,0.06,100000,569,99468,7858823,78.59
MT,b,2010-2017,1,0.00058,0.00058,0.5,99431,57,99403,7759355,78.04
MT,b,2010-2017,2,0.00027,0.00027,0.5,99374,27,99361,7659953,77.08
MT,b,2010-2017,3,0.00028,0.00028,0.5,99347,28,99333,7560592,76.10
MT,b,2010-2017,4,0.00014,0.00014,0.5,99319,14,99312,7461259,75.12
MT,b,2010-2017,5,0.00026,0.00026,0.5,99305,26,99293,7361947,74.13
MT,b,2010-2017,6,0.00014,0.00014,0.5,99280,14,99273,7262654,73.15
MT,b,2010-2017,7,0.00011,0.00011,0.5,99266,11,99260,7163381,72.16
MT,b,2010-2017,8,0.00020,0.00020,0.5,99255,20,99245,7064121,71.17
MT,b,2010-2017,9,0.00012,0.00012,0.5,99235,12,99229,6964876,70.19
MT,b,2010-2017,10,0.00016,0.00016,0.5,99224,16,99216,6865646,69.19
MT,b,2010-2017,11,0.00012,0.00012,0.5,99208,12,99202,6766431,68.20
MT,b,2010-2017,12,0.00012,0.00012,0.5,99196,12,99190,6667229,67.21
MT,b,2010-2017,13,0.00026,0.00026,0.5,99184,26,99171,6568039,66.22
MT,b,2010-2017,14,0.00037,0.00037,0.5,99158,37,99139,6468868,65.24
MT,b,2010-2017,15,0.00049,0.00049,0.5,99121,49,99097,6369729,64.26
MT,b,2010-2017,16,0.00055,0.00055,0.5,99072,54,99045,6270632,63.29
MT,b,2010-2017,17,0.00069,0.00069,0.5,99018,68,98984,6171587,62.33
MT,b,2010-2017,18,0.00093,0.00093,0.5,98950,92,98904,6072603,61.37
MT,b,2010-2017,19,0.00097,0.00097,0.5,98858,96,98810,5973700,60.43
MT,b,2010-2017,20,0.00095,0.00095,0.5,98762,94,98715,5874890,59.49
MT,b,2010-2017,21,0.00103,0.00103,0.5,98668,102,98617,5776175,58.54
MT,b,2010-2017,22,0.00114,0.00114,0.5,98566,112,98510,5677557,57.60
MT,b,2010-2017,23,0.00112,0.00112,0.5,98454,110,98399,5579047,56.67
MT,b,2010-2017,24,0.00100,0.00100,0.5,98344,98,98295,5480648,55.73
MT,b,2010-2017,25,0.00137,0.00137,0.5,98246,135,98178,5382353,54.78
MT,b,2010-2017,26,0.00130,0.00130,0.5,98111,128,98047,5284175,53.86
MT,b,2010-2017,27,0.00126,0.00126,0.5,97983,124,97921,5186128,52.93
MT,b,2010-2017,28,0.00147,0.00147,0.5,97859,144,97788,5088207,52.00
MT,b,2010-2017,29,0.00125,0.00125,0.5,97716,122,97655,4990420,51.07
MT,b,2010-2017,30,0.00144,0.00144,0.5,97594,140,97523,4892765,50.13
MT,b,2010-2017,31,0.00157,0.00157,0.5,97453,153,97377,4795241,49.21
MT,b,2010-2017,32,0.00157,0.00157,0.5,97300,153,97224,4697865,48.28
MT,b,2010-2017,33,0.00152,0.00152,0.5,97147,148,97073,4600641,47.36
MT,b,2010-2017,34,0.00149,0.00148,0.5,97000,144,96928,4503568,46.43
MT,b,2010-2017,35,0.00142,0.00142,0.5,96855,138,96787,4406640,45.50
MT,b,2010-2017,36,0.00186,0.00186,0.5,96718,180,96628,4309854,44.56
MT,b,2010-2017,37,0.00180,0.00180,0.5,96537,174,96451,4213226,43.64
MT,b,2010-2017,38,0.00192,0.00191,0.5,96364,185,96271,4116776,42.72
MT,b,2010-2017,39,0.00211,0.00210,0.5,96179,202,96078,4020504,41.80
MT,b,2010-2017,40,0.00228,0.00227,0.5,95977,218,95868,3924426,40.89
MT,b,2010-2017,41,0.00253,0.00253,0.5,95758,242,95637,3828559,39.98
MT,b,2010-2017,42,0.00255,0.00255,0.5,95517,243,95395,3732921,39.08
MT,b,2010-2017,43,0.00237,0.00237,0.5,95273,226,95160,3637526,38.18
MT,b,2010-2017,44,0.00276,0.00275,0.5,95047,261,94917,3542366,37.27
MT,b,2010-2017,45,0.00265,0.00264,0.5,94786,251,94661,3447449,36.37
MT,b,2010-2017,46,0.00302,0.00302,0.5,94535,285,94393,3352789,35.47
MT,b,2010-2017,47,0.00356,0.00355,0.5,94250,335,94083,3258396,34.57
MT,b,2010-2017,48,0.00331,0.00330,0.5,93916,310,93761,3164313,33.69
MT,b,2010-2017,49,0.00397,0.00396,0.5,93606,371,93420,3070552,32.80
MT,b,2010-2017,50,0.00399,0.00398,0.5,93234,371,93049,2977132,31.93
MT,b,2010-2017,51,0.00466,0.00465,0.5,92863,432,92648,2884083,31.06
MT,b,2010-2017,52,0.00505,0.00503,0.5,92432,465,92199,2791435,30.20
MT,b,2010-2017,53,0.00573,0.00571,0.5,91966,525,91704,2699236,29.35
MT,b,2010-2017,54,0.00559,0.00557,0.5,91441,510,91186,2607532,28.52
MT,b,2010-2017,55,0.00618,0.00617,0.5,90932,561,90651,2516346,27.67
MT,b,2010-2017,56,0.00638,0.00636,0.5,90371,574,90084,2425695,26.84
MT,b,2010-2017,57,0.00676,0.00674,0.5,89797,605,89494,2335611,26.01
MT,b,2010-2017,58,0.00731,0.00729,0.5,89192,650,88867,2246117,25.18
MT,b,2010-2017,59,0.00790,0.00787,0.5,88542,697,88193,2157250,24.36
MT,b,2010-2017,60,0.00801,0.00798,0.5,87845,701,87494,2069057,23.55
MT,b,2010-2017,61,0.00838,0.00834,0.5,87144,727,86780,1981563,22.74
MT,b,2010-2017,62,0.00953,0.00948,0.5,86417,820,86007,1894782,21.93
MT,b,2010-2017,63,0.01027,0.01021,0.5,85597,874,85160,1808775,21.13
MT,b,2010-2017,64,0.01087,0.01081,0.5,84723,916,84265,1723615,20.34
MT,b,2010-2017,65,0.01069,0.01064,0.5,83807,891,83361,1639350,19.56
MT,b,2010-2017,66,0.01276,0.01268,0.5,82916,1051,82390,1555989,18.77
MT,b,2010-2017,67,0.01366,0.01357,0.5,81865,1111,81309,1473598,18.00
MT,b,2010-2017,68,0.01534,0.01523,0.5,80754,1230,80139,1392289,17.24
MT,b,2010-2017,69,0.01642,0.01629,0.5,79524,1295,78877,1312150,16.50
MT,b,2010-2017,70,0.01829,0.01813,0.5,78229,1418,77520,1233273,15.76
MT,b,2010-2017,71,0.02120,0.02098,0.5,76811,1612,76005,1155753,15.05
MT,b,2010-2017,72,0.02261,0.02236,0.5,75199,1681,74359,1079748,14.36
MT,b,2010-2017,73,0.02429,0.02400,0.5,73518,1764,72636,1005389,13.68
MT,b,2010-2017,74,0.02667,0.02631,0.5,71753,1888,70809,932753,13.00
MT,b,2010-2017,75,0.02944,0.02901,0.5,69865,2027,68852,861944,12.34
MT,b,2010-2017,76,0.03325,0.03270,0.5,67838,2219,66729,793092,11.69
MT,b,2010-2017,77,0.03619,0.03555,0.5,65620,2332,64453,726363,11.07
MT,b,2010-2017,78,0.03993,0.03914,0.5,63287,2477,62049,661910,10.46
MT,b,2010-2017,79,0.04414,0.04319,0.5,60810,2626,59497,599861,9.86
MT,b,2010-2017,80,0.04500,0.04401,0.5,58184,2561,56903,540364,9.29
MT,b,2010-2017,81,0.05115,0.04988,0.5,55623,2774,54236,483461,8.69
MT,b,2010-2017,82,0.05809,0.05645,0.5,52849,2983,51357,429226,8.12
MT,b,2010-2017,83,0.06590,0.06380,0.5,49865,3182,48274,377869,7.58
MT,b,2010-2017,84,0.07469,0.07200,0.5,46684,3361,45003,329594,7.06
MT,b,2010-2017,85,0.08454,0.08111,0.5,43322,3514,41565,284591,6.57
MT,b,2010-2017,86,0.09556,0.09121,0.5,39808,3631,37993,243026,6.10
MT,b,2010-2017,87,0.10786,0.10234,0.5,36178,3702,34327,205033,5.67
MT,b,2010-2017,88,0.12152,0.11456,0.5,32475,3720,30615,170706,5.26
MT,b,2010-2017,89,0.13666,0.12792,0.5,28755,3678,26916,140091,4.87
MT,b,2010-2017,90,0.15336,0.14244,0.5,25077,3572,23291,113175,4.51
MT,b,2010-2017,91,0.17171,0.15813,0.5,21505,3401,19804,89884,4.18
MT,b,2010-2017,92,0.19176,0.17498,0.5,18104,3168,16520,70080,3.87
MT,b,2010-2017,93,0.21357,0.19296,0.5,14936,2882,13495,53560,3.59
MT,b,2010-2017,94,0.23714,0.21200,0.5,12054,2555,10776,40065,3.32
MT,b,2010-2017,95,0.26246,0.23201,0.5,9499,2204,8397,29288,3.08
MT,b,2010-2017,96,0.28948,0.25288,0.5,7295,1845,6372,20892,2.86
MT,b,2010-2017,97,0.31811,0.27445,0.5,5450,1496,4702,14519,2.66
MT,b,2010-2017,98,0.34820,0.29656,0.5,3954,1173,3368,9817,2.48
MT,b,2010-2017,99,0.37958,0.31903,0.5,2782,887,2338,6449,2.32
MT,b,2010-2017,100,0.41202,0.34164,0.5,1894,647,1571,4111,2.17
MT,b,2010-2017,101,0.44529,0.36420,0.5,1247,454,1020,2541,2.04
MT,b,2010-2017,102,0.47908,0.38650,0.5,793,306,640,1521,1.92
MT,b,2010-2017,103,0.51309,0.40833,0.5,486,199,387,881,1.81
MT,b,2010-2017,104,0.54702,0.42953,0.5,288,124,226,494,1.72
MT,b,2010-2017,105,0.58054,0.44994,0.5,164,74,127,268,1.63
MT,b,2010-2017,106,0.61337,0.46941,0.5,90,42,69,141,1.56
MT,b,2010-2017,107,0.64523,0.48784,0.5,48,23,36,71,1.49
MT,b,2010-2017,108,0.67588,0.50516,0.5,25,12,18,35,1.44
MT,b,2010-2017,109,0.70511,0.52132,0.5,12,6,9,17,1.39
MT,b,2010-2017,110+,0.73278,1.00000,1.36,6,6,8,8,1.36
